Salary,Neuroticism,Education
54405.77,2.7383871,Medium
80677.24,3.2575681,High
47985.56,4.1286972,Medium
85307.72,4.7469709,High
98507.9,2.8175423,High
66758.76,2.3173236,Low
68777.53,2.487369,Medium
77922.97,2.3381494,High
72660.21,3.380338,Medium
72086.42,3.1845704,Medium
78424.65,4.0227137,High
43336.28,3.4367062,Medium
67218.69,4.0054995,Medium
73652.19,3.4276959,Medium
41223.58,1.8723292,Low
89307.51,3.4785758,High
39801.72,2.286033,Low
49106.21,2.6631895,Low
63815.88,2.3646727,Medium
77519.22,3.9484983,High
78768.11,4.9315337,High
58795.08,3.1597564,Medium
57323.67,2.6559868,Medium
78152.89,3.8702736,High
57762.54,4.2037013,Medium
62101.49,3.7217304,Medium
74710.99,4.3078691,Medium
45849.0,3.3709289,Medium
57986.18,3.6024176,Medium
51469.92,1.9218225,Low
98590.22,4.622603,High
87292.94,3.6736041,High
66270.34,2.0395326,Medium
76881.71,4.2150927,High
40555.65,4.0596086,Low
70060.92,3.9358842,Medium
74768.97,5.1005432,High
43097.43,2.7048804,Low
66124.82,2.7326982,Medium
51367.25,2.225904,Low
55913.29,2.1652891,Low
66353.22,2.8520865,Medium
58383.76,3.8532967,Medium
81387.42,2.2300675,Medium
41390.37,3.1381133,Low
57324.77,3.1362236,Low
45819.6,1.3753495,Low
66379.19,3.7980871,Medium
35983.65,5.3267359,Medium
81397.57,3.630169,High
39363.16,3.1197925,Low
55721.26,2.5844675,Medium
65351.65,5.0539838,High
52305.54,2.6118068,Low
66339.85,4.6623356,Medium
32761.97,1.1531049,Low
47421.0,2.3547555,Low
70024.28,3.6560262,High
69602.52,3.9374385,High
69672.16,2.7147532,Medium
56710.85,2.5403839,Medium
51704.35,2.8925681,Low
65733.72,2.3237829,Medium
62647.57,4.5190222,Medium
78889.76,3.0932349,High
48307.73,3.3384745,Medium
89286.92,4.5608151,High
81479.59,4.6066951,High
79106.37,3.8482483,High
62134.2,3.3200553,Medium
92472.41,4.9264091,High
58678.95,2.0088865,Medium
55820.41,2.584862,Medium
34399.44,2.6720549,Low
45264.93,2.8725038,Medium
47070.06,3.5680404,Low
61514.5,3.8269077,Medium
63713.43,3.3137936,Medium
66231.61,1.9651019,Medium
36627.86,2.4208259,Low
34255.66,2.1284393,Low
71568.47,3.1648215,Medium
49545.4,2.2435587,Medium
84056.29,4.5315085,High
37045.56,1.5116473,Low
65568.95,3.0590761,Medium
71143.86,4.431434,High
77531.58,3.4369893,High
98748.65,4.6034991,High
54446.95,1.2747152,Low
27793.13,0.0,Low
61475.38,3.6491058,Medium
53689.55,3.9697102,Medium
49780.3,3.0081789,Medium
62282.54,3.682533,Medium
47837.64,1.4118051,Low
77508.19,3.9972928,High
71259.68,0.7411813,Low
32288.63,4.2604962,Medium
64780.89,4.8398896,Medium
54734.74,4.1690124,Medium
69113.56,3.2288444,Medium
56619.26,3.2237367,Medium
79213.42,2.8116513,High
39676.11,3.9268962,Medium
79132.46,3.9259405,High
110934.0,3.5452081,High
77549.57,2.0468225,Medium
81518.47,2.9962987,Medium
55646.53,1.6737502,Low
95017.47,3.7669099,High
75913.81,2.2127928,Medium
42117.14,3.8391452,Low
74269.82,4.0921719,High
51982.91,4.1698087,Medium
33220.75,0.1776219,Low
63089.34,2.8653196,Medium
93198.95,3.5292114,High
77386.06,2.2082461,Medium
57466.12,4.5724417,Medium
60236.16,2.0440429,Medium
97627.73,3.5239807,Medium
67062.99,3.9747437,Medium
57871.46,2.5506565,Low
60776.39,2.5050329,Medium
77170.73,4.9092523,High
46943.89,2.544167,Low
64953.6,1.4906976,Low
43647.77,1.2136467,Low
64187.62,5.0335015,Medium
40309.8,2.6729892,Medium
81337.22,2.5218359,High
45260.08,3.7074023,Medium
73120.61,3.517015,Medium
64346.48,2.0964972,Medium
63792.21,1.5935971,Medium
96602.13,4.0065515,High
89507.78,5.0784705,High
68509.81,4.6488554,High
68110.95,2.8313962,Medium
50599.39,2.5400897,Medium
55346.56,3.4835833,Medium
60150.68,2.5328692,Low
56678.01,2.9360949,Low
94616.13,3.7679621,High
32991.08,3.1662732,Low
24071.79,1.6893288,Low
30333.53,2.1163783,Low
50695.18,3.030937,Low
55001.45,4.0972717,Medium
62963.14,2.4510406,High
59229.81,3.3436914,Medium
75456.84,3.7718691,Medium
54621.4,1.160059,Low
31585.41,2.8088284,Low
47001.42,2.5452235,Medium
48859.04,4.1231212,Medium
41033.8,2.8582172,Low
69030.63,3.9086854,Medium
20195.56,2.5015968,Low
70233.6,3.9894367,Medium
57017.09,4.4306561,Medium
61396.3,4.9306636,Medium
43087.95,3.2279497,Medium
61713.59,1.3323014,Medium
56464.95,3.2791009,Medium
72691.58,3.4276649,Medium
54577.02,2.2659361,Low
64604.62,3.7373048,Medium
76284.03,4.1149475,Medium
57565.67,2.8100167,Medium
54869.89,2.147493,Low
79030.31,4.4454477,High
55962.54,2.7824941,Medium
71719.92,3.3300988,Medium
83818.64,1.5775902,Medium
75306.0,2.296194,Medium
60371.01,2.1187593,Medium
78372.1,3.3771421,High
79491.89,2.6603541,Medium
83463.91,4.4321846,High
67651.08,4.0905632,Medium
60264.97,2.6312628,Medium
79203.62,2.401244,Medium
56030.45,2.3629582,Medium
70071.56,2.898278,Medium
53221.97,3.0481434,Medium
32236.61,3.6650259,Medium
66732.64,3.8315355,High
89343.11,2.3315437,High
71881.67,3.1741367,Medium
37873.47,4.2656231,Medium
62649.32,5.1230349,High
84174.99,2.5786957,Medium
81123.29,2.7845831,High
59011.49,5.3504961,Medium
56233.74,3.1135386,Medium
58587.43,3.1690004,Medium
42026.49,2.757566,Low
67202.95,1.8743749,Medium
42757.11,1.7769062,Low
80693.97,2.7908439,High
29619.09,2.6605333,Medium
82279.14,3.353644,Medium
86413.07,2.0872138,Medium
66377.48,4.6094672,High
58750.12,3.4991856,Medium
80177.88,2.4803118,Medium
52949.92,2.5917464,Low
54322.33,3.0371401,Low
45957.77,4.1579859,Medium
91385.99,3.0704924,Medium
30008.6,2.3186132,Low
70411.92,3.178166,Medium
39184.02,3.6290399,Low
53269.69,4.2125992,Medium
54526.15,3.9644704,Medium
51421.97,3.0069024,Medium
97804.51,4.4244474,High
80425.65,4.4500985,High
68065.56,2.3629714,Medium
88985.68,2.6304766,High
55225.03,3.8000829,Medium
54013.5,1.9467031,Medium
45318.77,2.3999829,Low
37183.17,3.4658114,Medium
43730.4,3.7335306,Medium
48852.26,3.4138914,Medium
51944.54,2.6265932,Medium
78653.6,4.9478371,High
73758.49,4.7363622,Medium
41567.28,4.0044014,Medium
73080.91,1.5930042,Medium
47870.68,3.5932845,Low
50661.07,3.2043372,Medium
59253.15,3.7002786,Medium
49643.65,2.9295401,Low
78227.83,4.0232969,High
40232.7,2.3342976,Low
80802.64,4.9758291,High
58540.71,3.8596432,Medium
52013.18,4.0975198,Medium
32847.03,4.4327152,Low
80594.56,3.8193632,Medium
70767.16,3.4292185,Medium
58789.61,1.3650966,Medium
38493.57,5.5499528,Medium
78355.44,3.6937985,High
87726.13,6.133009,High
63654.43,3.572001,Medium
48516.33,4.5654597,Medium
52778.13,2.3048921,Low
58390.63,3.6888026,Medium
48270.31,3.4348328,Medium
67449.23,3.0933083,Medium
98363.16,4.003059,High
43937.13,3.2631449,Low
64467.52,3.0802156,Medium
61116.34,1.5127348,Medium
87847.96,3.9386128,High
66891.0,4.566621,High
60066.64,4.6320657,High
59049.74,3.778518,Medium
86111.06,2.6613811,High
87028.32,3.5669632,Medium
44643.45,4.0783956,Medium
59232.93,4.3419319,Medium
71455.57,3.0601523,Medium
55392.72,2.1237641,Low
56471.89,4.5222719,Medium
78043.3,2.6820166,High
43200.66,2.0256486,Low
62778.04,2.7890551,Low
53374.53,1.0175437,Low
56795.43,4.3445348,High
71315.36,4.8552152,Medium
86885.07,4.102366,High
62185.81,3.0144885,Medium
40658.31,2.8039508,Low
60878.22,3.0139609,Medium
80921.64,4.8001862,High
33729.35,3.1706109,Low
64735.34,3.2544867,Medium
35947.68,1.3940701,Low
49177.24,1.2732552,Low
76100.66,2.7459807,Medium
45507.76,3.0792242,Low
60734.87,0.7269367,Low
36549.19,0.7882966,Low
64450.49,2.6940941,Medium
67245.3,3.5888615,Medium
33518.2,1.618686,Low
57112.72,3.155513,Low
67991.87,4.3904114,High
83211.21,3.960167,High
79723.1,4.8048196,High
80838.49,4.4373577,High
41601.46,2.0178761,Low
46754.25,2.5958353,Low
66970.89,4.6585779,High
65045.77,4.4099713,High
37313.31,1.8368395,Low
77243.11,4.8358701,High
71887.46,4.2363854,Medium
78578.02,3.4880289,Medium
64735.86,3.375203,Medium
47021.07,2.3339887,Low
32412.3,4.2436239,Low
61230.12,3.4880639,Medium
46329.85,3.1170623,Medium
73368.7,1.1113215,Medium
60879.34,1.9159965,Medium
65656.9,3.1858838,Medium
37868.83,2.5746471,Low
53230.86,3.4885393,Medium
75533.82,4.8071062,High
77302.0,3.9400954,High
50693.94,3.4353713,Low
67095.77,2.4655429,Medium
89739.59,3.0742532,High
70951.84,3.0567164,High
75981.16,3.8858459,Medium
44541.48,2.3277615,Low
49303.0,3.9264118,Medium
46852.92,2.1700198,Low
54275.28,1.8932808,Low
66432.76,3.7913906,High
67774.5,0.8170715,Low
63796.06,2.2537546,Medium
98290.14,2.874849,High
58872.68,4.1522042,Medium
59896.05,2.7422821,Medium
38275.78,3.9261062,Medium
63255.44,5.4003745,High
61805.23,3.0884817,Medium
69992.24,3.4945203,Medium
46337.73,1.7574018,Medium
79890.54,2.5533369,Medium
77198.16,3.3001764,Medium
66884.98,4.3611459,High
69512.52,2.6039338,Medium
21740.1,4.6904577,Low
61761.56,2.8608873,Medium
52713.24,2.4533867,Low
69211.43,3.8068795,Medium
52141.23,3.2299783,Medium
78599.0,3.5564553,High
47088.29,4.1445072,Medium
40829.8,3.7776452,Low
44153.67,3.2268409,Medium
10934.0,2.8785214,Low
97673.21,4.0226768,High
83806.51,4.1198792,Medium
41246.04,1.4115909,Low
62353.5,5.233376,Medium
82736.17,3.5906319,High
83169.04,2.0068518,Medium
69053.86,2.9526303,Medium
63421.89,3.3774257,Medium
55016.51,5.4918259,High
51588.61,3.1763937,Low
38029.74,2.5201543,Low
69661.67,2.9197089,High
62276.53,2.5129016,Medium
60746.1,3.1128019,Medium
84085.56,6.2852062,High
35598.57,0.8105746,Low
32357.19,3.3640629,Low
80175.07,2.8021189,Medium
71301.48,4.6743511,Medium
78582.56,2.2797179,Medium
79861.18,3.374792,Medium
86796.89,3.167208,High
52010.85,4.0234698,Medium
62863.15,4.5188075,Medium
86116.35,5.7710525,High
105283.47,4.7866989,High
14089.85,3.9720376,Low
60488.05,4.3161905,Medium
88605.15,3.9932582,High
59394.73,3.6594087,Medium
66511.05,3.2760959,High
70604.97,3.0940924,Medium
67872.91,5.1481,High
65493.44,3.7142526,Medium
89461.47,4.4962524,High
60443.96,1.5123519,Low
46110.64,2.7361502,Medium
57240.44,1.7458447,Low
32598.24,2.7359873,Low
69602.82,3.2602921,High
74533.93,3.7319719,Medium
78314.47,2.2991675,Medium
71864.82,5.6667453,High
49467.42,2.7917263,Low
35139.95,1.8001385,Low
59105.84,3.4579562,Medium
42600.55,2.0976762,Low
38046.72,2.7153736,Low
88229.68,4.3137225,High
101533.19,3.2401405,High
40004.25,1.7230457,Low
79399.45,4.3615785,High
74526.42,4.6513548,Medium
54247.91,4.1780651,Medium
34388.93,2.7190311,Medium
64622.68,3.9572326,Medium
32639.62,2.3570855,Low
49351.4,3.5094034,Medium
76753.95,3.4744448,Medium
80502.69,5.4507046,Medium
73070.02,3.0940184,High
53742.78,2.4846952,Low
66579.44,1.7327231,Medium
61226.72,3.7556985,Medium
52531.4,3.3346582,Low
78300.84,5.3399124,High
58537.01,1.6088015,Medium
54926.17,3.6045469,Medium
44810.56,3.7587153,Low
36698.27,2.8987671,Medium
74682.47,3.0710881,Medium
44085.81,3.2209992,Medium
60635.86,3.5637848,Medium
76386.4,4.6736417,High
71739.34,4.3771381,Medium
64073.75,3.1706766,Medium
62107.96,3.4197404,Medium
41921.29,4.5224085,Low
70003.13,4.4738371,High
77934.59,4.2669602,High
79430.93,2.106392,Medium
69315.27,3.254627,Medium
67154.8,3.9168988,High
49691.76,2.3891164,Low
48043.82,2.7609875,Medium
38044.67,1.8122499,Low
77705.57,2.6369053,Medium
17822.97,2.2154352,Low
17791.87,3.566443,Low
72741.44,4.1477348,Medium
53657.71,2.9448986,Medium
81337.95,1.8130175,Medium
43424.46,1.6775725,Low
87148.58,3.7150681,High
70437.35,3.3406589,Medium
75681.83,3.540202,High
32248.61,4.1115353,Low
57865.42,3.0197696,Medium
97461.7,2.2159133,Medium
63521.9,3.1316018,Medium
70349.75,2.393955,Medium
38097.25,2.5318469,Low
38950.54,2.5979854,Low
56800.44,2.7020906,Low
82444.49,2.7213438,High
80261.08,4.2942411,High
64821.25,3.5172026,Medium
42404.42,1.1854257,Low
61312.34,3.2140871,Low
62031.7,4.7752346,High
76513.91,5.2152438,Medium
57130.83,3.3859574,Medium
57600.79,2.4384393,Low
38767.17,3.3346388,Medium
72161.12,3.3117445,Medium
58591.05,0.820609,Low
52946.86,1.8256424,Medium
53226.53,3.1859983,Medium
84925.63,3.609808,High
55170.2,2.4452711,Low
79285.62,2.3036133,High
64163.76,1.9728351,Medium
102211.93,3.1655583,High
45584.88,4.0939311,Medium
76017.32,2.3144702,Medium
69382.95,2.5696892,Medium
29733.54,2.4667293,Low
36029.99,2.1230353,Low
69954.64,3.377177,Medium
37477.91,4.3662465,Low
100641.99,3.1458219,High
55873.87,2.9914268,Medium
44048.95,2.8110607,Medium
87475.43,5.3968787,High
38207.96,1.7416799,Low
44098.83,2.3284726,Low
78333.81,3.9241204,Medium
62379.63,2.3485302,Medium
92646.79,5.5187623,High
66131.9,4.6826925,High
56526.54,1.4815562,Low
62867.16,3.6402363,Medium
54041.09,3.0701007,Medium
26981.6,2.6659313,Low
81948.22,4.0290256,High
60879.1,4.1660279,Medium
50159.5,1.2451877,Low
69439.51,2.8060607,Medium
76433.49,3.8931124,High
59223.95,2.402132,Medium
67808.67,2.3644382,Medium
55580.28,3.2368403,Medium
56651.7,2.2857152,Low
72203.81,1.0759594,Medium
32013.7,3.2868242,Low
40416.32,3.4653657,Medium
46200.42,5.3147684,Medium
101520.76,4.6907473,High
56814.49,2.8706451,Medium
42744.47,5.6401634,Medium
40248.31,4.8162566,Low
89873.49,3.0654871,High
68507.3,3.652575,Medium
59204.38,3.0718594,Medium
54484.18,2.5582206,Low
47639.17,3.4464293,Medium
84495.7,3.0286194,High
33564.6,2.6423372,Low
82538.14,5.5990658,High
63642.57,3.1121146,Medium
74679.05,3.1131077,Medium
80092.11,4.4460707,Medium
41013.0,3.1654556,Low
61171.22,1.8449623,Medium
51569.72,3.4472951,Medium
72225.93,5.517372,High
36896.13,3.6066869,Low
101806.52,4.4643213,High
46460.37,3.8678543,Medium
72507.22,3.0840765,High
56010.64,3.5083943,Medium
71470.81,2.4374299,Medium
91582.02,3.7148483,High
29070.47,3.1972175,Low
66897.92,2.2816877,Medium
60237.0,3.480042,Medium
92801.22,4.4714752,High
73711.39,3.2990642,Medium
51943.25,4.8076884,Medium
84754.94,3.2331123,High
47771.64,2.9159647,Low
62447.5,4.0299174,High
59008.07,3.0295312,Medium
85689.69,4.5020008,High
78333.66,3.2347741,High
46230.4,1.2773269,Low
82215.31,3.683722,High
66703.11,5.6012083,High
50227.27,3.2997922,Medium
58249.92,3.5351158,Medium
39196.29,2.2364843,Low
69431.69,3.653822,Medium
101238.21,3.2934374,High
57573.79,4.2406316,Medium
64138.71,3.7513188,Medium
63555.65,2.5637658,Medium
68215.14,3.298758,Medium
61663.28,3.8636807,Medium
43245.86,2.8746489,Low
49996.75,3.6635888,Low
71725.28,3.5825594,High
93323.17,5.058615,High
42895.07,3.2833879,Low
64209.78,3.1134863,Medium
58608.66,2.4190956,Medium
63458.12,2.3224474,Medium
83443.78,4.4966192,High
38606.89,3.1914721,Medium
67986.98,5.6245516,High
66417.22,3.709006,Medium
78719.22,3.7883241,High
56068.58,2.3767416,Medium
56427.96,2.7550256,Medium
82277.8,4.3985368,High
44724.06,2.8672516,Medium
69702.29,3.6911581,Medium
19153.42,2.1131401,Low
56307.41,3.1620785,Medium
55221.54,2.6285942,Medium
60269.18,5.7320602,High
67508.71,4.3897727,High
82818.78,4.3027112,High
65992.76,1.8079418,Medium
75159.38,4.6690594,High
19772.73,1.5247361,Low
49712.78,2.4911475,Medium
57038.35,4.0361248,Medium
72416.08,3.7193874,High
58554.64,1.7597025,Medium
67466.6,4.7630559,Medium
52481.33,0.3690879,Low
67080.54,4.5948091,High
33744.3,3.2669137,Low
41387.7,1.859924,Low
71611.95,4.4850951,High
49274.09,3.6270497,Medium
57520.88,4.14051,Medium
87496.35,4.5190806,High
45849.5,2.1895022,Low
37112.95,3.1804761,Low
63286.46,3.935635,Medium
54578.28,1.5990496,Low
64774.99,2.056416,Medium
47059.86,2.5353654,Low
68796.88,3.8719662,High
42983.68,1.5572466,Low
75760.17,4.1774792,High
68290.31,2.1253827,Medium
65104.38,3.3898188,Medium
62342.41,2.718723,Medium
30594.65,3.2156225,Low
23791.49,4.4681947,Low
87015.72,3.3239127,High
73337.47,4.155057,Medium
69120.35,4.810216,High
76681.28,4.0459115,High
86040.49,3.7185801,High
69204.5,5.4505834,High
50615.15,0.6865998,Low
82418.44,3.5567734,High
76890.23,2.8792805,High
85432.77,5.2969325,High
71804.65,3.0893962,Medium
55780.15,1.9506635,Low
65147.56,5.9702275,Medium
56085.64,3.209475,Medium
77046.21,3.7270287,High
63552.69,3.508167,Medium
74025.69,1.9133137,Medium
75295.44,4.524376,High
76334.69,4.0237433,High
53071.39,3.6521423,Medium
81647.08,2.4135948,Medium
17658.7,1.5252822,Low
42920.98,1.8066167,Low
83807.34,3.4502431,High
64447.66,5.2147578,High
79785.06,5.4538595,High
39985.74,3.1182592,Medium
73597.93,2.9457851,Medium
63148.05,3.8249505,High
55723.28,4.1649356,High
52690.42,3.3349106,Medium
43311.16,2.6461315,Low
56804.47,2.6147914,Medium
58183.2,2.5292415,Medium
42173.1,3.420423,Low
51544.6,2.7838569,Medium
59630.78,3.5108819,Medium
86584.22,4.0571998,High
102432.27,3.2881706,High
65027.54,3.7567451,Medium
80361.47,3.3999588,Medium
61997.17,4.4471048,Medium
80346.7,4.206101,High
56471.95,3.8228105,High
27723.46,2.6361102,Low
62036.5,2.2401165,Medium
72475.39,2.5386335,Medium
75420.77,4.5414237,High
88032.99,3.8214659,High
30699.91,2.3422385,Low
58923.08,3.1538307,Medium
47109.87,1.8432398,Low
45239.88,0.6753054,Low
80872.52,4.403613,High
32331.5,3.0487141,Low
70198.14,2.1520849,Medium
36540.13,3.6639889,Low
40632.86,2.7273305,Low
35125.81,4.3974713,Medium
38109.45,1.5814633,Low
44271.87,3.3945607,Medium
43865.78,3.1668127,Medium
53458.98,3.9082203,Medium
80915.1,3.6142536,High
45695.25,2.3899258,Low
79933.57,1.7338483,Medium
69259.72,2.5883776,Medium
72605.23,3.3589233,Medium
58079.57,2.6492423,Medium
77458.53,4.0686396,High
94591.21,3.7063904,High
78742.06,4.6239343,High
38737.44,4.2496613,Medium
54863.45,2.5500661,Medium
54857.91,2.1364459,Low
49872.79,4.4812317,Medium
72814.4,1.3750927,Medium
43706.75,2.1255182,Low
49048.97,5.0147101,Medium
50253.71,5.1247326,Medium
46350.13,2.5322221,Low
66904.18,2.5149749,Medium
74977.08,3.3934306,Medium
42420.24,1.841309,Low
27149.79,3.6387335,Low
66218.86,2.5637404,Medium
68310.56,3.5705225,Medium
104400.63,4.6349633,High
58958.39,2.6055454,Medium
35908.66,3.125444,Low
93253.85,3.4673669,High
73931.09,3.790189,Medium
50492.42,4.1883469,Medium
72453.58,2.4084112,Medium
51508.05,4.1980216,Medium
33277.22,1.9806591,Low
67652.37,3.5034618,Medium
62140.53,3.4244862,Medium
67454.43,2.8875156,Medium
54174.58,3.4810532,Medium
86010.43,2.2018397,Medium
69580.24,3.1359766,Medium
54611.76,3.9571199,Medium
57734.74,0.5426184,Low
33808.92,1.1283872,Low
83156.22,3.113952,High
63652.16,1.0420297,Low
58076.19,3.6103633,Medium
75240.06,2.4045822,Medium
66439.67,1.4044377,Medium
57038.96,3.561576,High
53024.14,2.9187258,Medium
80393.8,4.8372216,High
100813.27,3.1636216,High
51009.58,4.2435159,Medium
82543.62,4.4458921,High
30367.45,2.7078651,Low
53050.32,2.5244361,Medium
65415.76,5.773568,High
77606.29,3.1119603,Medium
97546.36,2.5480206,High
49844.48,2.2245249,Low
80732.95,1.6008636,Medium
77047.17,3.8407675,High
90767.57,3.7454011,High
61680.01,3.8342284,Medium
27229.84,3.2602953,Low
73869.73,3.4859977,High
40303.98,3.0866751,Low
39967.18,3.6144096,Low
60652.31,2.5828096,Medium
52598.75,2.6952683,Medium
35860.04,3.8077216,Medium
84953.54,4.26209,High
37282.44,2.8670037,Low
63062.45,4.4512884,Medium
62050.79,4.4362633,High
43943.17,4.1499668,Medium
39104.68,2.9302847,Low
25077.99,2.7687028,Low
18813.7,2.728124,Low
66087.58,4.3545186,Medium
75163.19,2.3966165,Medium
53752.27,2.308757,Medium
75713.25,4.6111432,High
30090.9,2.2963733,Low
45780.85,2.4617196,Low
58782.23,3.8849755,Medium
30120.39,3.0415909,Low
53785.99,3.027962,Medium
50710.62,2.985388,Medium
66291.51,3.3150159,Medium
45306.17,3.3059837,Low
45267.47,2.7622152,Low
47279.46,4.4754664,Medium
41519.94,3.2456698,Medium
63799.68,4.2131077,Medium
75799.81,4.8596014,High
78267.11,4.6283334,High
71851.97,3.6061955,Medium
71657.37,3.8669126,High
55725.9,2.3054664,Low
56190.9,3.4480109,Medium
53420.44,3.2939226,Medium
56115.36,4.0573663,Medium
66387.52,3.1588711,Medium
78683.11,4.0457556,High
53112.15,2.8387532,Medium
78074.34,3.9877425,High
14052.22,2.3398442,Low
63714.41,1.2770837,Medium
90532.84,2.9407528,High
59960.4,3.190311,Medium
51118.91,2.1720878,Low
52001.63,1.3734314,Low
75631.54,1.5521256,Medium
89371.44,3.8033274,High
58978.68,4.6636847,High
55674.76,4.7659024,Medium
60964.68,2.3657172,Low
51160.01,4.5268363,Medium
85602.36,4.1767037,High
62848.1,3.3508122,Medium
47644.09,2.6758306,Low
61500.41,2.5090265,Medium
54491.81,3.2080401,Medium
59362.46,4.0276793,Medium
66499.29,2.6121905,Medium
60621.48,2.9776521,Medium
46699.81,1.4187587,Low
45902.79,2.701036,Low
51439.67,3.6148165,Medium
91431.64,4.6592898,High
90547.35,2.2109062,Medium
77907.09,3.3437294,Medium
59693.47,2.4463004,Medium
41081.64,3.2518606,Medium
38536.87,3.5446676,Low
73244.99,2.8223579,Medium
67968.44,3.8639809,Medium
69456.55,3.4658827,High
69853.86,3.6973399,High
42489.16,2.7730575,Low
70974.07,2.6724693,Medium
58059.68,0.9448209,Low
66545.59,4.3321916,Medium
49496.2,3.5598055,Medium
48803.93,2.753969,Medium
45684.82,1.5499568,Medium
60882.03,4.8759978,Medium
78650.46,7.0,High
64706.07,3.4293032,Medium
27656.75,3.1239774,Low
75149.68,4.2975268,Medium
40666.56,1.7994549,Low
82858.33,2.9523926,Medium
73675.55,1.7778435,Medium
58369.17,1.7697704,Low
82401.73,4.6371484,High
61877.02,3.0040212,Medium
50936.38,3.0693287,Medium
55709.3,3.1561033,Medium
67392.48,1.661282,Medium
61969.68,3.9672262,Medium
66128.49,2.0199608,Medium
60322.28,3.0741444,Medium
46015.58,2.0241688,Low
75610.11,3.9192312,High
50647.41,4.4984792,Medium
47185.98,2.7553174,Medium
54649.41,1.7300595,Low
67289.21,1.9549464,Medium
63404.24,2.5644101,Medium
76373.37,3.1103265,High
38293.81,2.7467862,Low
33135.65,1.6618477,Low
29612.59,2.6580891,Low
40492.81,3.1271921,Medium
77532.19,2.0284381,Medium
84872.69,3.4309353,High
46045.28,4.0077594,Medium
71684.58,4.0230939,Medium
61881.04,4.9642333,Medium
89158.46,4.1027761,High
44977.95,1.1216429,Low
40297.59,1.7425915,Low
78294.36,4.4545359,High
59759.4,4.8742278,Medium
51107.63,2.4924541,Low
75679.38,4.2256726,Medium
53289.27,3.9078565,Medium
54127.21,2.2550553,Medium
63337.84,3.1061198,Medium
72109.0,3.5127735,Low
34673.18,3.1464192,Low
72965.64,3.6481055,Medium
57270.24,3.6594744,Medium
38733.72,1.9790607,Low
38919.88,1.272261,Low
74020.27,5.211664,High
84925.69,2.039828,Medium
87356.06,3.3043501,High
64988.17,3.7891008,Medium
56184.19,1.3210815,Low
86835.28,2.7810884,Medium
93519.65,3.0961434,High
43442.1,3.7820143,Medium
29309.5,2.7795377,Low
61442.22,4.4659714,High
28026.16,3.6298961,Medium
55126.76,2.8742347,Low
53897.4,3.7979714,Medium
91886.87,2.4252974,High
75441.71,3.1251529,Medium
55474.62,3.348193,Medium
57651.83,3.870804,Medium
50426.86,1.3848559,Low
65857.25,2.8257086,Medium
75684.16,3.1893241,High
66284.17,4.1546951,Medium
63447.39,4.3440608,Medium
74866.81,4.7782274,High
71137.76,3.0623358,High
48074.38,2.7843515,Low
73820.32,4.2342623,Medium
57454.69,2.5419073,Low
92528.06,3.6225769,High
79007.69,3.1786747,High
57884.14,2.6842576,Medium
71740.89,4.7160579,High
58442.6,2.8837043,Medium
68845.17,3.446491,Medium
60134.24,4.3576109,Medium
57905.5,4.5995242,High
55199.45,5.2707763,High
86275.62,2.65329,High
45103.76,2.1589481,Low
16241.9,2.4540905,Low
31308.44,2.8924545,Low
85043.71,3.1077469,High
75370.35,3.9403833,Medium
37900.2,3.5145905,Medium
65740.66,4.3310286,High
47729.54,3.6862537,Medium
63992.7,3.1528604,Medium
62222.0,4.0422753,Medium
55817.35,3.805546,Medium
63118.56,3.9776071,High
31842.13,3.2866565,Low
54317.48,3.5019298,Medium
76236.53,4.6767076,High
81920.08,2.7449732,Medium
48653.07,4.6013142,Medium
62495.68,3.2487838,Medium
50807.16,3.9759443,Medium
28827.32,2.3130818,Low
88892.29,3.8671281,High
66288.64,4.7754629,High
78645.88,1.0458481,Low
80206.2,4.5141865,High
60971.21,3.5881543,Medium
89142.65,1.8049823,High
61996.13,2.7130085,Low
76435.53,1.4011335,Medium
75721.24,4.66907,High
69172.92,3.7183519,High
33108.99,1.8053174,Low
71957.3,4.0999881,High
70672.26,4.4242858,Medium
61640.96,2.7098496,Medium
51202.95,3.7286102,Medium
50237.66,2.6897727,Low
61611.89,1.3916573,Low
59681.92,1.765977,Medium
63345.17,1.5512313,Medium
63650.1,3.7227806,Medium
61685.62,3.2225316,Medium
59945.85,4.8319173,Medium
59843.31,2.8882595,Low
77227.22,4.8311696,High
34790.68,3.5376333,Low
68785.77,2.8247534,Medium
78499.75,4.5412741,High
65759.97,3.9938286,Medium
35311.78,3.5674836,Low
64042.55,3.9032211,Medium
42576.91,3.6116985,Medium
64714.68,2.5110353,Medium
53338.97,3.8749733,Medium
46515.06,3.6792376,Medium
35665.99,2.9399691,Low
83540.16,4.4674742,High
63345.75,3.0798913,Medium
69697.6,3.1865729,Medium
50744.52,2.9853094,Low
89536.18,4.2523445,High
60772.42,2.5435723,Medium
66794.08,3.8581399,High
43765.67,1.2724826,Low
97230.66,3.280332,High
60742.71,3.1287427,Medium
49250.88,1.717225,Medium
72868.77,1.8107758,Medium
80228.7,5.0470299,High
39900.12,1.9063186,Low
69836.5,1.6715046,Medium
77436.17,3.155844,Medium
71797.4,4.379911,Medium
54241.76,3.817518,Medium
79408.31,4.4826162,High
41234.44,4.2626858,Medium
75187.41,3.4472453,High
100944.62,4.7287267,High
61331.28,1.8973838,Low
39879.09,2.3991979,Low
27175.13,4.2889093,Low
42944.64,4.0797402,Medium
63827.56,3.0541503,Low
47503.94,1.4524288,Low
57587.51,2.5810239,Medium
66049.65,5.2020099,Medium
52927.52,2.3189,Medium
88243.0,4.2889213,High
74842.6,4.0141264,Medium
55810.15,4.121845,Medium
74295.46,4.1819022,Medium
50246.42,2.2592916,Low
53961.62,4.94394383,High
65052.66,2.50788139,Medium
61790.28,4.5280498,High
95811.52,2.87488098,High
78403.72,3.95301709,Medium
76871.21,2.97283754,Medium
53433.32,3.07178391,Medium
74507.03,3.35225733,Medium
62525.02,2.12238329,Medium
64173.85,4.44075673,High
29066.39,2.34171032,Low
56457.75,3.02677947,Medium
45429.99,2.51189745,Low
70479.46,4.68689213,Medium
62491.78,4.37394797,Medium
65255.04,3.360767,High
46474.16,4.18220066,Medium
28021.19,1.85536255,Low
51390.7,2.88117515,Low
59539.6,4.78647988,Medium
43319.29,4.03761273,Low
69709.31,4.63713802,Medium
61385.73,3.73853859,Medium
60437.98,2.10908779,Low
55490.89,2.770892,Medium
46742.63,4.28747951,Medium
41343.11,3.916099,Low
41668.87,2.32786452,Low
48566.12,4.7697095,Medium
56255.82,4.12506813,High
50193.92,3.57235653,Medium
43824.42,4.99262101,Medium
57356.3,4.55202139,Medium
50196.92,2.90710125,Low
72593.28,3.18165314,High
64236.25,3.05978548,Medium
32055.31,2.77986159,Low
68980.92,4.55759353,High
65467.29,2.87211533,Medium
63426.04,3.54074049,Medium
40438.67,4.98271282,Low
61435.47,4.02079287,Medium
64072.84,2.90690347,Medium
73721.15,2.37809271,High
51990.01,4.02489345,Medium
48997.05,2.9438711,Low
54036.11,5.67882133,Medium
80380.68,3.83929786,High
69195.58,2.168095,Medium
88288.95,3.27180086,High
43687.03,3.14957715,Low
60172.05,4.30486078,High
47002.24,2.80572512,Low
44835.76,3.68791923,Low
46522.95,2.9080611,Low
50049.44,3.33021614,Medium
48790.31,4.43215695,Low
41812.67,1.54993382,Low
64775.23,3.30572209,Medium
44068.59,3.59586602,Medium
52432.34,3.81815204,Medium
43518.6,3.95708454,Medium
49854.82,3.20342237,Medium
54976.29,2.5527744,Medium
32666.55,2.24794318,Low
48141.09,4.10376606,Medium
65900.58,4.79715476,High
46468.5,2.71576326,Low
60486.85,3.53470748,High
31502.91,3.10708256,Low
48110.89,3.74404981,Medium
47255.48,3.28602616,Low
52122.78,2.22605165,Low
70691.87,4.3829658,High
65495.08,4.56129086,Medium
50009.42,2.72742736,Medium
45297.31,3.76381806,Medium
52555.41,1.99608736,Low
48471.63,3.32638394,Medium
41402.5,2.45449625,Low
47039.04,3.41589747,Medium
54342.92,3.16005271,Medium
51221.45,3.56176606,Medium
55140.36,3.7527486,High
45180.47,3.64641446,Medium
61371.68,3.3896903,Medium
70944.21,3.9753315,High
58182.46,5.2209395,Medium
57226.37,2.95008223,Medium
64405.21,4.26749489,High
34249.36,3.77045476,Low
47333.6,2.15737289,Low
85478.56,4.07814575,High
44756.54,3.25715524,Low
48260.32,3.9574298,Medium
51204.23,3.70415018,Medium
59972.18,4.43533439,High
44304.23,2.44738436,Low
52310.62,3.47367904,Medium
78192.58,2.78730585,High
61008.36,3.79930982,High
48916.57,4.24971823,Medium
85961.46,3.66137127,High
70307.21,2.44719319,Medium
68016.22,4.4554899,High
62782.58,2.30467825,Medium
45620.5,3.2685898,Low
52832.05,2.56777954,Medium
46215.81,3.0367246,Low
72609.74,4.48920843,High
77639.23,4.55663268,High
54268.22,3.42616294,Medium
50628.24,2.15921631,Low
38071.91,2.46214122,Low
72458.88,4.12901499,Medium
56067.83,2.2910921,Low
50700.67,3.55928686,Medium
46251.21,3.64552363,Medium
76852.18,1.59916203,Medium
50635.93,3.35156501,Medium
53702.08,3.20820664,Medium
76839.2,4.02348166,High
54255.76,4.91536511,Medium
51679.68,3.63051541,Medium
67007.95,4.70726331,High
34985.33,1.44723218,Low
71207.3,3.84601346,High
54115.17,3.01254165,Medium
62963.94,3.20151143,Medium
57833.58,3.81475409,Medium
63218.62,3.64173157,High
62640.72,2.68576975,Medium
76902.7,4.11989529,High
47676.65,2.53191235,Low
74304.62,4.96540265,High
65073.98,4.53525421,Medium
43033.23,3.47539426,Low
62023.02,4.31548615,Medium
64648.07,4.86764909,High
47872.05,1.87330856,Low
52498.1,4.06358391,High
62947.12,5.68472111,High
76379.08,5.52408317,High
77697.68,3.45279707,High
73300.53,3.76076196,High
44081.78,3.54996577,Low
68699.61,5.06811534,High
84835.02,3.55236944,Medium
62731.64,4.03104925,Medium
38811.51,3.02676926,Low
53366.5,2.18446413,Low
70988.37,3.80224647,High
58822.69,3.91149242,High
69466.47,4.63711075,High
52251.72,4.10748379,Medium
74861.11,3.58131803,High
41703.9,2.45102014,Low
73870.86,3.73207273,Medium
45515.42,1.95019281,Low
41841.48,2.04171707,Low
73603.0,4.71794241,High
32094.36,2.83098411,Low
61046.12,3.11521236,Medium
65835.35,3.89731821,Medium
53230.4,3.24720481,Medium
62690.14,2.60212173,High
41957.49,2.92689067,Low
78353.28,3.76357468,High
82808.29,4.43171825,High
70425.29,5.28916964,High
52900.95,2.07372363,Low
53782.58,3.077546,Medium
64836.07,3.10737651,Medium
61286.44,3.96301551,Low
50420.78,1.90038672,Low
31904.55,3.03977588,Low
64228.37,4.45997853,Medium
62711.63,2.52232764,Medium
57399.66,4.10535389,Medium
66311.19,4.63498886,High
67146.36,3.3653337,High
49566.7,2.91686164,Medium
73459.83,2.94380032,Medium
69728.13,4.57727283,High
82951.3,4.41061295,High
54583.53,4.99551188,Medium
43353.73,3.75021234,Low
53260.34,3.68269446,Medium
77198.65,3.98882143,High
65623.39,4.58878633,High
65954.44,4.19078021,Medium
48999.79,1.34929491,Low
43020.95,1.8457418,Low
71922.38,4.17827069,High
57886.78,3.70436806,Medium
77262.32,4.14449067,High
72703.37,4.07875599,High
49689.71,2.75045985,Medium
82784.48,2.75412573,Medium
80463.2,4.44499482,High
57741.21,3.39365203,Medium
48075.68,3.32918717,Medium
74073.56,2.37479626,Medium
45293.62,4.37382181,Medium
49043.82,5.3256253,Medium
69175.83,4.73028243,High
62169.66,4.99285241,High
53828.41,4.04041682,Medium
54763.44,3.30778653,Medium
80437.64,3.16348865,High
67030.84,3.64087555,Medium
65738.25,3.83346183,Medium
59991.9,3.2616054,Medium
59808.19,3.61110574,Medium
79238.93,3.96037759,High
68207.25,4.52688365,High
69856.57,4.64499763,High
59544.25,3.37673898,Medium
73198.91,4.82948916,High
64414.44,3.60648372,Medium
63411.82,3.21218445,Medium
74469.01,4.5036835,Medium
81014.17,3.60589103,Medium
87201.54,4.16871659,High
58624.56,3.73330457,Medium
62533.88,3.83126718,Medium
33101.26,5.39995726,Medium
64950.88,2.88087247,Medium
65760.58,3.92858377,High
54541.54,4.71657203,Medium
42266.38,3.11209655,Low
76160.64,4.74484636,High
72264.17,3.71768433,Medium
61479.66,3.01080985,Medium
24021.66,3.16253395,Low
50412.31,2.9573924,Medium
62759.18,3.97808124,High
74016.44,5.94520162,High
53936.57,3.70733538,Medium
34650.36,3.01191628,Low
49780.66,3.6619841,Medium
76379.21,3.93387632,High
59688.61,2.36224348,Low
56735.16,3.63448976,Medium
50457.46,3.30171128,Medium
62647.78,2.72049777,Medium
71796.58,2.46196149,Medium
42399.17,3.67072006,Medium
67753.78,3.71244176,Medium
82784.7,4.19948368,High
58010.66,4.26255518,Medium
63213.71,3.06970096,Medium
67241.23,4.37055935,High
34274.03,2.13541058,Low
54143.16,3.88156235,High
68181.69,2.12718326,Medium
55674.95,3.86537127,Medium
90220.61,3.66000471,High
39390.65,3.46770288,Low
43807.78,1.44497607,Low
75591.27,4.86601686,High
70128.09,4.38156249,High
58801.87,4.7396308,High
55287.72,3.73498721,Medium
70403.64,3.36670387,Medium
60770.99,4.73708464,Medium
77133.57,2.90473863,High
54980.65,2.95194564,Medium
57829.5,4.68682204,Medium
57354.71,3.10986025,Medium
65564.66,2.88706979,Medium
81659.3,3.94153336,High
46849.77,2.25526531,Low
41963.16,2.61275356,Low
55477.64,4.38813818,Medium
71588.59,2.959652,Medium
64703.79,3.95570262,Medium
45009.03,4.47684452,Medium
87564.03,4.67059885,High
77494.48,4.18040041,High
55120.52,2.21935695,Medium
43186.7,3.82205618,Medium
52671.12,4.18618269,Medium
78531.07,4.864096,High
81105.2,3.95306458,High
36792.6,2.87021076,Low
71642.39,4.36684065,Medium
72786.1,3.27595227,High
49390.19,3.3079199,Medium
85112.95,5.06484783,High
60813.33,1.72192585,Medium
69791.97,2.86662911,Medium
61573.58,3.52236248,Medium
58184.26,2.84039291,Medium
35094.38,3.12543233,Low
62770.23,2.41160532,Medium
65310.88,4.16454284,High
64239.11,3.38384748,Medium
56251.07,3.98341352,Medium
70964.37,3.34576236,Medium
85181.27,3.21357917,High
46560.35,2.06433967,Low
90094.41,3.6516883,High
59005.66,3.9163032,Medium
55647.86,2.39040886,Low
85293.82,3.38107498,High
54064.19,4.89295929,Medium
65793.43,2.77848025,Medium
77920.32,5.65030284,High
85376.4,2.71407646,High
77617.38,4.75326574,High
71232.22,2.47949359,Medium
82472.85,2.5873666,High
37676.76,2.04955639,Low
56335.88,5.11412139,High
66557.3,5.24411707,High
70190.02,5.01080073,High
47388.32,3.77947036,Medium
53090.44,4.86835069,Medium
62229.25,2.74918093,Medium
40416.13,5.34187875,Medium
76356.22,3.34500925,Medium
81508.6,3.66111913,High
72584.78,3.15429309,High
62573.42,2.17048779,Low
62989.48,4.04320553,High
83009.27,3.09925977,High
98456.57,3.79565537,High
76963.28,4.80086435,High
48411.16,2.21700522,Medium
69801.4,3.10305673,Medium
70808.52,5.48134923,High
82066.34,4.88809703,High
49224.49,3.63666738,Low
43889.77,2.95834038,Low
41310.97,4.36592655,Medium
56283.16,3.80743456,Medium
48320.02,2.39074788,Low
81223.67,4.97103885,High
50232.58,2.75089559,Medium
42784.91,1.96133109,Low
46772.65,3.89390561,Medium
42327.95,2.18358804,Low
61511.82,3.49119434,Medium
60303.22,3.52125656,High
58835.16,2.94178904,Medium
61161.93,2.48016827,Medium
57293.86,4.07693213,Medium
59601.79,2.01666191,Medium
77946.71,3.55434907,High
63568.8,3.3639778,Medium
47819.25,4.47556034,Medium
43631.55,2.84749299,Low
52658.33,2.49675687,Low
76183.91,5.49482661,High
83877.36,3.74001596,High
35593.65,3.62015681,Low
52319.41,2.37344733,Low
78540.69,3.13746945,Medium
66309.76,2.81349633,Medium
63850.54,3.73141412,Medium
92780.72,4.18275933,High
75209.21,4.88919122,High
50084.16,4.6628362,Medium
59883.75,4.86838602,Medium
51967.38,3.13612488,Low
70009.07,3.75369927,High
81111.11,5.86025698,High
39295.8,2.92745514,Low
67024.19,1.81966623,Medium
65407.67,4.01834172,Medium
60063.98,3.3621977,Medium
56121.8,3.31228857,Medium
64405.81,3.17545852,Medium
56666.18,3.65767455,Medium
46013.79,1.83711143,Low
56809.71,3.48880906,Medium
67341.76,4.12830487,Medium
79257.35,4.33636616,High
57146.41,2.50265029,Medium
51490.65,2.83346776,Low
57996.27,3.01077673,Medium
66125.36,4.17956098,Medium
62489.01,3.51668483,Medium
61952.82,4.59542831,High
61357.34,2.65353322,Medium
65208.87,5.20597252,Medium
62836.62,4.81802399,Medium
48177.02,3.1933841,Medium
67921.7,3.93702104,High
36836.43,3.22480486,Low
73528.51,4.64072311,High
39280.34,2.88075833,Low
62711.01,3.37176332,Medium
45701.34,3.74670734,Low
58396.25,3.79775876,Medium
47001.54,2.84723729,Medium
48427.29,2.22985137,Low
39433.44,2.40648868,Low
45207.91,3.23224128,Low
49096.28,4.40376579,High
50464.21,4.31516037,Medium
66179.15,3.58993947,High
51240.2,1.67624818,Low
34718.68,2.76069214,Low
40994.68,2.9323744,Low
58746.56,1.40940325,Low
62108.14,2.73874658,Medium
84414.82,4.082106,High
69315.36,3.87336276,High
75232.72,3.83416512,High
59493.65,3.74837233,Medium
84184.9,3.36131862,High
54570.19,3.12463468,Medium
65824.79,3.44104361,Medium
45011.63,2.80680007,Low
62363.34,2.78449896,Medium
39294.1,2.86576584,Low
75624.09,2.87890441,Medium
49484.59,1.78499557,Medium
58468.8,3.06390877,Medium
69518.59,4.15496972,Medium
76978.92,4.97387279,High
76912.23,5.14695462,High
91210.2,4.54737922,High
28034.38,4.02688759,Low
68551.0,3.71023172,Medium
72105.21,2.00645928,Medium
54181.0,3.59538457,Medium
59480.86,2.34433032,Low
69947.03,4.90366389,High
47659.22,3.38498044,Medium
71673.82,3.18886216,Medium
71372.32,2.29756777,Medium
34074.05,3.13967006,Medium
63068.42,3.77568835,Medium
49895.46,2.03148487,Low
57909.27,3.68926966,Low
52630.11,4.9554695,Medium
65529.26,3.33607951,Medium
45851.95,3.27910495,Low
55063.15,4.42545882,Medium
55526.23,3.16022562,Medium
69556.33,3.72680564,Medium
42359.04,2.39707764,Low
41552.33,2.11082819,Low
76827.35,3.29035388,High
53216.47,4.49393218,Medium
53119.31,2.03509838,Low
53381.56,3.23689499,Medium
57013.35,0.60125188,Low
31887.05,4.23861065,Low
55284.65,4.88285864,Medium
62737.41,3.81984633,Medium
52231.94,4.33178699,Medium
47983.61,3.46866207,Low
54365.01,3.06204442,Medium
45401.33,3.02320191,Low
46930.27,4.31114547,Medium
54087.18,3.05336592,Medium
83312.12,4.24931416,High
82331.41,5.43848153,High
43558.4,3.13849607,Low
68542.16,3.4277891,Medium
57887.8,3.4930667,Medium
53360.31,3.01045076,Medium
45430.29,4.03321472,Medium
68045.59,4.60034386,High
67067.89,4.11555252,Medium
63229.06,4.98654226,Medium
56900.77,3.36399886,Medium
80609.2,4.73125535,High
79054.14,3.52693126,Medium
51796.9,2.80684283,Medium
61876.23,4.45539318,Medium
93117.72,3.95312389,High
87696.04,3.14583942,High
62721.01,3.5913733,Medium
61648.4,4.61936729,High
68863.43,2.90661598,High
68927.95,3.25540975,Medium
50230.86,4.88460095,Medium
35852.21,2.86071853,Low
67322.88,5.57812678,High
44738.7,3.47582816,Medium
67695.03,2.96105343,Medium
66573.57,4.73176557,High
48947.78,4.16287393,Medium
79265.34,3.58587274,High
56603.48,3.03247213,Medium
54199.93,3.88603772,Low
68290.98,3.91347867,Medium
35060.94,3.98691528,Low
69314.67,2.42288689,Medium
37376.9,3.03464154,Low
60185.42,1.94145667,Low
70764.62,4.20338833,High
44468.82,3.13918446,Low
70205.8,3.68113156,High
45920.84,1.80985754,Low
37186.83,2.08844645,Low
69566.01,3.92426911,High
88731.28,4.37348338,High
55284.9,3.29640232,Medium
80109.94,3.0384587,High
60339.18,3.67650598,High
75201.6,3.435761,High
35218.43,4.42038956,Low
57185.96,4.50565426,Medium
61655.79,3.11294787,Medium
51997.59,3.655257,Medium
63903.25,3.12215021,Medium
70021.8,3.57415674,Medium
38098.25,2.58294256,Low
87154.04,2.76916694,Medium
70547.77,4.45963752,High
50022.99,1.5041875,Low
52889.7,2.80474615,Low
68424.5,3.19208648,Medium
77644.89,2.94240366,Medium
77979.61,3.75804816,High
40703.0,3.99862652,Medium
78331.98,4.50039605,High
41541.82,2.73914185,Low
73326.0,3.50303603,Medium
63368.04,4.3424379,High
67477.33,5.10821575,High
50878.02,3.63989126,Medium
61688.01,4.05374819,Medium
92605.06,3.37441303,High
34724.6,3.25276445,Low
61063.58,2.61752643,Medium
44559.82,2.70191475,Low
66756.53,3.90590648,High
73550.61,4.37772828,High
52958.6,3.69046299,Medium
65270.02,4.73466778,High
48191.57,4.74200233,Medium
59983.06,3.79550768,Medium
47101.71,4.00985339,Medium
49971.45,3.97201662,Medium
52158.05,3.61547617,Medium
73044.27,2.86454169,Medium
31425.45,2.56824339,Low
45070.99,2.75909338,Low
46089.88,3.06280646,Low
54935.91,4.10075242,Medium
79723.58,3.09858762,High
47433.75,3.70188386,Medium
82879.14,5.30236463,High
50346.84,3.64311696,Medium
64412.69,3.82009086,Medium
92624.01,4.25582326,High
60182.61,3.2555539,Medium
70748.86,4.97503349,High
50988.17,2.83259697,Low
41243.04,3.52019804,Low
54521.53,3.42252626,Low
55186.21,2.41282282,Low
51268.15,4.00923349,Medium
65936.72,3.41976836,Medium
60893.29,3.3127918,Medium
43949.07,2.28816251,Low
78622.34,3.58953587,High
65328.95,4.9036267,Medium
75256.86,4.16259428,High
47244.09,3.13561947,Medium
77301.48,2.18286327,Medium
75175.68,4.4146682,High
81165.55,4.03818537,High
68408.75,3.21670297,High
49288.69,4.83570409,Medium
65260.05,5.5533013,High
40516.89,2.73172072,Low
45586.66,2.40297021,Medium
73978.5,3.55004824,High
47499.17,3.72432077,Medium
48773.73,5.14139071,Medium
30817.79,2.76903717,Low
71267.32,1.2365874,Low
65121.11,6.06487402,High
70834.16,2.89615026,Medium
80653.43,4.40827975,High
73753.55,2.83433974,Medium
36645.39,3.88700551,Medium
58102.76,3.82223586,Medium
37818.78,2.61101235,Low
47754.66,2.9792585,Medium
69663.27,3.78278029,Medium
52577.39,3.92063547,Medium
48609.4,3.22592681,Medium
53268.23,2.69687917,Low
66868.89,4.18636535,High
59337.62,4.31427495,Medium
88037.69,2.95937278,High
48654.01,2.95693515,Medium
48914.89,3.91226769,Medium
57239.45,2.69280651,Medium
64992.62,2.79253305,Medium
56845.06,2.94795642,Low
63437.51,2.00503287,High
83534.22,4.35668224,High
66299.12,1.25537058,Medium
68332.54,2.79917617,High
48809.53,4.36791589,Medium
55693.25,3.09169654,Low
48365.88,2.95058284,Medium
65813.89,3.59858902,High
74491.56,5.94325788,High
29964.61,3.89141572,Low
85291.13,4.52436693,High
86210.86,3.10682048,High
72730.78,3.37390211,High
55744.88,2.47882367,Low
38952.36,2.24067539,Low
67184.4,1.81421048,Medium
67351.37,2.94035107,Medium
67395.61,3.25377637,Medium
59884.68,2.43196694,Medium
73744.01,2.60105899,Medium
73452.01,4.15246898,High
71722.74,4.2111453,High
65151.4,2.50293782,Medium
63804.5,3.6238779,Medium
66777.69,1.90963238,Medium
30613.07,2.78402048,Low
55494.47,3.20373059,Medium
49701.89,4.56207697,Medium
60543.94,2.8308801,Medium
62234.42,3.92129578,Medium
64294.84,3.98757196,Medium
48769.86,4.00670741,Medium
44212.13,3.5560553,Low
48995.0,2.68351776,Low
67413.47,4.59931748,High
53987.73,4.5049144,Medium
43844.62,5.23655529,Low
61468.51,4.15626034,Medium
39138.04,1.64852739,Low
62977.71,3.43497559,Medium
68427.43,2.25072027,Medium
57940.36,3.82728027,Medium
70580.85,1.2838768,Medium
37206.94,3.88124959,Low
53060.7,3.16174575,Medium
48907.9,3.40507434,Medium
46673.25,3.23612046,Low
53597.19,3.87792752,Medium
61475.98,3.32024338,Medium
58708.77,2.84320391,Medium
23590.45,2.58988818,Low
45171.07,3.54250136,Medium
67036.43,4.00718648,High
58232.29,2.23115894,Medium
72910.35,3.94004649,High
76111.02,3.64301094,Medium
59927.32,2.85964556,Medium
45405.43,2.81146497,Low
43832.79,3.56823476,Low
51623.57,3.06378398,Medium
56198.78,2.62447065,Medium
51901.0,4.4891185,Medium
46941.51,3.05242165,Low
44212.44,2.7354429,Low
58791.79,4.34925523,High
46182.77,1.73846312,Low
52755.5,3.50946212,Medium
54960.72,4.65509963,Medium
69890.34,3.53351849,Medium
63901.01,4.09252553,Medium
51598.77,3.46975562,Medium
43945.16,3.17166148,Low
62823.85,3.13921237,Medium
50132.84,1.69996448,Low
56715.74,4.54062186,High
64186.08,3.38961742,Medium
33779.57,1.94681544,Low
67281.83,3.20316802,Medium
45406.58,3.95737285,Medium
56061.46,4.67199295,High
56208.08,4.94683183,Medium
58719.62,3.76418129,Medium
48066.83,3.49519164,Medium
78630.83,3.82922342,High
70731.47,4.59180499,High
42405.82,3.49238125,Low
75795.72,4.67509808,High
43675.3,2.49053954,Low
67768.73,4.5574937,Medium
63062.62,3.31212548,Medium
55931.33,2.7765383,Medium
64231.96,3.22781634,Medium
44006.47,2.78120536,Low
55091.69,2.94191287,Medium
68528.74,4.09486457,High
74429.43,3.71920287,High
60177.4,6.13491517,High
47387.74,3.39261274,Medium
42656.27,3.49025328,Low
45292.31,2.85236739,Low
35372.26,3.89686962,Low
81973.08,4.18664613,High
44323.21,2.73845764,Low
55223.73,3.06532041,Medium
39076.98,3.40507271,Low
71360.74,2.18811382,High
60868.55,1.99212468,Medium
57593.73,3.14082311,Medium
80392.87,3.28371617,High
71377.28,3.32569691,Medium
44600.48,2.57994276,Low
49325.79,3.32575269,Medium
31411.6,4.21829005,Medium
72463.64,2.6063525,High
54899.26,3.16846283,Low
32710.19,3.3253513,Low
47839.88,3.4780642,Medium
63841.8,2.09306602,Low
43770.78,4.6247069,Medium
82879.7,2.60694202,Medium
61725.19,3.08044519,Medium
86233.67,3.89005309,High
53966.76,4.73542433,Medium
63556.04,4.96930596,High
73476.49,3.84670631,High
63328.17,2.43775235,Medium
64066.45,4.51488291,High
60429.74,6.63721205,High
68520.08,5.32669311,High
72629.78,3.7954935,High
77685.38,3.58133651,High
49438.36,3.76636934,Medium
65747.49,3.42510243,Medium
53072.7,2.05613908,Low
77745.3,4.02604522,High
61516.16,4.1121835,High
70352.11,3.68335275,High
47673.95,3.98631691,Medium
50597.4,3.55705755,Low
48016.45,2.41262546,Low
54586.45,4.17537541,Medium
56539.21,3.40968304,Medium
53513.38,3.18238349,Low
45594.8,3.64562274,Medium
67593.97,2.2777466,Medium
81316.7,4.17065736,High
56817.85,1.73739719,Low
42547.68,3.19127464,Low
48622.64,2.76888056,Low
58013.51,3.09062344,Medium
56391.52,4.7294527,Medium
49558.5,2.38429528,Low
55092.87,3.59162558,Medium
57206.04,1.91419256,Low
54747.25,3.38510039,High
35482.64,3.96066424,Low
62800.59,3.53689583,Medium
45315.83,4.67931309,Medium
50209.82,2.69259264,Medium
36818.16,4.68098647,Medium
82667.16,3.08863231,High
40274.4,0.80454207,Low
69474.53,2.68394324,Medium
53216.34,3.93352857,Medium
35874.46,3.87761633,Low
46092.53,3.67030723,Medium
55587.95,2.94049487,Medium
82408.97,4.15051705,High
52492.64,2.37251449,Medium
44900.65,2.75427094,Medium
59423.98,4.1957163,Medium
51157.34,2.33707694,Medium
47109.44,2.89288825,Low
44660.31,3.67503467,Low
37718.14,1.10826056,Low
53046.17,2.65633666,Medium
72887.28,4.42535417,High
63948.91,2.39092494,Medium
53169.44,2.6200654,Medium
42384.02,3.6122856,Medium
45970.93,4.36560711,Medium
83311.51,5.2265179,High
52040.84,1.56856694,Medium
45897.56,2.49135181,Low
69405.89,5.0351848,High
57042.92,3.68172293,Medium
41665.33,2.94094373,Low
77934.85,2.90554377,High
64260.31,3.3880153,Medium
58329.27,1.53650322,Low
45360.18,2.54744265,Low
62883.32,2.15586014,Medium
71669.04,2.58535947,Medium
44170.7,3.21803983,Medium
53552.92,1.13507664,Low
36703.43,3.94672606,Low
32252.95,2.20017437,Low
55055.56,3.59895685,Medium
74261.49,4.70853946,High
24929.78,3.56262107,Low
59945.79,3.84698932,Medium
54232.13,4.87726493,High
63464.9,4.15649985,Medium
40652.82,3.28369739,Medium
79962.49,4.6307494,High
80173.02,4.59870571,High
59512.56,4.56908497,High
38244.67,2.17707264,Low
43740.72,5.06512897,Medium
77786.48,3.89533057,High
61559.06,4.79011439,Medium
61782.75,2.7210734,Medium
75942.51,3.9685438,High
54708.77,3.91203362,Medium
71705.96,5.5979355,High
46546.87,2.94816694,Medium
42721.08,4.51854405,Medium
54966.57,3.34675462,Medium
56011.24,2.41784087,Low
80509.22,5.63797752,High
52651.52,4.13547452,Medium
62871.2,3.65187059,Medium
56053.01,3.65099698,Medium
30278.37,2.31149512,Low
93579.28,2.72106774,High
44147.33,4.13321536,Low
33583.81,2.95982132,Low
57006.07,2.54572268,Low
40123.23,2.50026475,Low
53960.58,4.8499813,Medium
56316.82,1.8471457,Medium
62194.67,3.66672875,Medium
45880.83,2.9329273,Low
76776.29,3.17393496,High
58036.49,4.56939399,Medium
78917.16,3.52913737,High
43834.88,3.7245723,Medium
51706.02,5.35667328,Medium
70116.55,3.5790537,Medium
16827.51,3.14038711,Low
42291.17,3.84550752,Low
39665.58,3.51792938,Low
52019.99,3.51180094,Medium
56901.04,2.41631183,Medium
60856.13,4.62209393,Medium
71777.45,2.01309482,Medium
46301.35,3.6768563,Low
50543.68,2.25315116,Low
63420.41,4.48950786,High
61060.0,2.75485272,Medium
45459.82,4.41649382,Medium
64539.83,3.51905538,Medium
69175.96,4.14234791,Medium
81842.37,3.80689838,High
43551.21,1.43180326,Low
59424.49,2.81114325,Medium
62214.57,2.65318025,Medium
49765.89,3.07166634,Medium
78311.98,4.47169231,High
62438.14,4.80877767,High
57617.66,2.52927164,Medium
49401.63,2.97349758,Medium
44215.96,4.31855131,Medium
52568.69,2.17088926,Low
49497.02,1.89439579,Low
56946.77,3.96261995,Medium
53043.16,3.2657458,Medium
42538.43,3.71316196,Medium
26055.41,2.92787501,Low
60021.71,2.36612529,Medium
76398.3,2.70380044,Medium
73109.58,4.07196174,High
75308.22,2.39304869,Medium
66450.89,3.270483,Medium
44647.6,1.79764122,Low
68678.56,4.71279869,High
54155.04,2.93845099,Low
47712.83,2.78449821,Medium
72144.36,4.07292866,High
80112.42,5.16430655,High
39271.47,4.60271909,Medium
54432.92,2.60179817,Low
41379.61,3.19878026,Medium
48316.66,2.52904826,Medium
66801.36,3.32558374,Medium
57783.33,3.77597637,Medium
64767.7,4.41553567,High
50363.79,4.56277545,Medium
49290.61,3.4094144,Medium
72393.0,3.65699658,Medium
58434.9,4.52101998,Medium
51454.71,3.38147156,Medium
87296.42,3.58900306,High
70590.85,3.80543779,Medium
66511.49,3.97126695,High
52692.33,4.82424642,Medium
63802.93,4.44623277,Medium
39541.85,2.04493965,Low
64762.56,3.88905124,High
41541.65,1.37461734,Low
50993.78,4.26746353,Medium
59367.4,3.15467434,Medium
82382.05,4.67843573,High
71346.12,3.53566443,Medium
57790.78,3.23400806,Medium
75582.98,4.47293028,High
52556.92,0.3218865,Low
70548.79,4.72386216,High
32694.55,2.70166073,Low
41115.71,1.88433261,Low
53343.7,2.61183948,Low
76193.85,5.12240087,High
45370.01,2.1808618,Low
88695.17,4.34012685,High
53830.04,3.29641647,Low
76710.44,4.32740743,High
52568.42,3.43094635,Medium
47101.23,2.93828949,Medium
56063.41,2.95092695,Medium
80792.05,2.70573898,Medium
53473.78,3.7915015,Medium
64617.25,3.13488001,Medium
57874.49,4.37055373,Medium
33707.0,3.9366274,Low
61950.61,2.54872194,Medium
37077.7,2.29560522,Low
62161.54,3.35735972,Medium
51619.34,3.04394297,Medium
74834.52,3.70115455,Medium
58425.05,4.97348946,Medium
44724.77,2.26123365,Low
60696.36,2.18454269,Medium
74745.35,3.72418454,High
42192.95,2.45643659,Low
47670.3,5.11908798,Medium
69305.62,4.56300831,Medium
63884.3,4.22716398,High
47912.93,4.04989884,Low
40956.7,2.40422573,Low
54916.75,4.59104844,Medium
59020.31,4.31897369,Medium
35954.24,3.11726122,Low
49394.03,4.53412091,Medium
74234.71,3.70018666,Medium
41693.53,3.16811235,Medium
52162.45,3.5169353,Medium
54116.52,3.44368245,Medium
69120.22,4.48202565,High
71035.53,4.53248938,High
57721.28,2.66963455,Medium
46291.91,4.12064611,Medium
49132.8,4.01663422,Medium
43409.45,3.57529095,Medium
63984.31,3.54837175,Medium
79488.05,4.82884354,High
58923.56,3.18919129,High
56080.71,5.15112895,High
50103.39,4.95222111,Medium
35206.08,3.91786933,Low
82654.71,3.64392803,High
63217.75,2.80880412,Medium
41892.77,2.38682229,Low
64990.48,3.77884656,Medium
57502.4,2.29388111,Medium
50934.54,3.93003093,Low
43680.21,2.34149135,Medium
60546.87,4.87969647,High
57551.34,3.64367081,Medium
66680.79,3.86754602,Medium
55685.45,1.2733203,Low
54788.81,3.64112625,Medium
37777.86,2.93446918,Low
86145.7,3.10984106,High
48845.55,2.67139299,Low
67701.42,3.62442458,Medium
58166.61,4.2278916,Medium
110786.0,3.97254532,High
65545.54,2.50990008,Medium
61950.95,3.09292414,Medium
66716.39,4.33792355,High
45051.55,2.7202183,Low
71802.27,3.69428913,Medium
46625.62,3.30323156,Low
58112.67,3.84163471,Medium
46283.57,4.73867345,Medium
69110.57,3.47022922,Medium
68275.44,4.36144946,High
46838.57,2.53954254,Low
64022.21,4.20734706,High
75436.48,4.70717628,High
75195.15,4.23931839,High
46042.89,4.69989741,Medium
92282.32,3.851831,High
51802.98,3.28491933,Medium
56718.74,1.54125085,Low
42986.16,3.95484283,Medium
74269.06,3.81480035,High
33075.93,5.1003758,Low
73518.8,4.93729722,High
43797.54,2.51626136,Low
61027.29,4.08125811,Medium
58019.07,4.17776292,Medium
87749.77,2.79506023,High
45544.78,3.84245763,Medium
36442.56,3.00853852,Low
79217.8,3.86628806,Medium
34804.47,3.9441166,Low
48563.29,3.32685047,Medium
76654.09,3.5984573,High
76333.69,5.52267866,High
90158.17,3.28816895,High
62333.05,2.39613916,Medium
59084.41,3.9697198,Medium
67681.98,4.34817496,High
42352.45,3.25176888,Low
61406.34,1.91979462,Low
53805.86,2.7487976,Medium
52949.14,2.65986193,Medium
48673.29,2.21662229,Medium
60060.97,3.19605113,Medium
73781.07,2.4764137,Medium
45790.35,2.78626301,Low
49741.08,2.68109372,Low
67576.9,4.08890584,Medium
60126.5,3.20795311,Medium
82417.39,4.8137729,High
57384.39,2.22999357,Medium
51614.98,2.83198024,Low
66732.62,3.61945704,Medium
51507.36,4.00536233,Medium
48558.78,3.75946171,Low
64731.4,3.17307121,High
57492.38,3.03827516,Medium
54705.96,4.01620811,Medium
48988.43,3.90662277,Low
64240.84,3.95660426,Medium
56175.22,3.69143504,Low
59544.75,4.55085841,Medium
75450.93,4.39757345,High
72963.63,4.72336525,High
47101.03,2.20496255,Low
68121.41,2.93616609,Medium
47492.41,2.84714377,Medium
50381.9,3.40850593,Medium
52117.3,4.18328696,Medium
49905.56,3.00019282,Low
52655.57,4.68721384,Medium
46937.88,2.30307273,Low
62544.31,3.10652728,Medium
45161.85,4.00094152,Medium
43878.85,1.83646355,Low
33783.96,3.61942715,Low
52682.53,2.65147206,Low
67631.11,3.68331168,Medium
64519.17,4.0195806,Medium
45142.48,3.60460604,Low
52039.49,2.1075804,Low
34061.17,3.42274913,Low
50021.5,3.14568075,Low
44491.24,3.40167968,Low
35257.17,2.19756975,Low
36813.85,2.4655891,Low
73754.04,3.83177267,High
70086.72,3.21420889,Medium
70383.78,4.10268463,Medium
69702.15,3.53787785,High
53134.47,2.61584404,Low
67986.9,3.21755445,Medium
44430.84,4.29366034,Low
34548.72,2.69610942,Low
51881.95,3.43120479,Medium
43473.73,3.93959835,Medium
